Test,user,Male,testu@noreply.com,,CompanyName,Developer,Team,u131,password,EN,NO,
Test,user,Male,testu@noreply.com,,CompanyName,Developer,Team,u132,password,EN,NO,
Test,user,Male,testu@noreply.com,,CompanyName,Developer,Team,u133,password,EN,NO,
Test,user,Male,testu@noreply.com,,CompanyName,Developer,Team,u134,password,EN,NO,
Test,user,Male,testu@noreply.com,,CompanyName,Developer,Team,u135,password,EN,NO,
Test,user,Male,testu@noreply.com,,CompanyName,Developer,Team,u136,password,EN,NO,
Test,user,Male,testu@noreply.com,,CompanyName,Developer,Team,u137,password,EN,NO,
Test,user,Male,testu@noreply.com,,CompanyName,Developer,Team,u138,password,EN,NO,
Test,user,Male,testu@noreply.com,,CompanyName,Developer,Team,u139,password,EN,NO,
Test,user,Male,testu@noreply.com,,CompanyName,Developer,Team,u140,password,EN,NO,
Test,user,Male,testu@noreply.com,,CompanyName,Developer,Team,u141,password,EN,NO,
Test,user,Male,testu@noreply.com,,CompanyName,Developer,Team,u142,password,EN,NO,
Test,user,Male,testu@noreply.com,,CompanyName,Developer,Team,u143,password,EN,NO,
Test,user,Male,testu@noreply.com,,CompanyName,Developer,Team,u144,password,EN,NO,
Test,user,Male,testu@noreply.com,,CompanyName,Developer,Team,u145,password,EN,NO,
Test,user,Male,testu@noreply.com,,CompanyName,Developer,Team,u146,password,EN,NO,
Test,user,Male,testu@noreply.com,,CompanyName,Developer,Team,u147,password,EN,NO,
Test,user,Male,testu@noreply.com,,CompanyName,Developer,Team,u148,password,EN,NO,
Test,user,Male,testu@noreply.com,,CompanyName,Developer,Team,u149,password,EN,NO,
Test,user,Male,testu@noreply.com,,CompanyName,Developer,Team,u150,password,EN,NO,
Test,user,Male,testu@noreply.com,,CompanyName,Developer,Team,u151,password,EN,NO,
Test,user,Male,testu@noreply.com,,CompanyName,Developer,Team,u152,password,EN,NO,
Test,user,Male,testu@noreply.com,,CompanyName,Developer,Team,u153,password,EN,NO,
Test,user,Male,testu@noreply.com,,CompanyName,Developer,Team,u154,password,EN,NO,
Test,user,Male,testu@noreply.com,,CompanyName,Developer,Team,u155,password,EN,NO,
Test,user,Male,testu@noreply.com,,CompanyName,Developer,Team,u156,password,EN,NO,
Test,user,Male,testu@noreply.com,,CompanyName,Developer,Team,u157,password,EN,NO,
Test,user,Male,testu@noreply.com,,CompanyName,Developer,Team,u158,password,EN,NO,
Test,user,Male,testu@noreply.com,,CompanyName,Developer,Team,u159,password,EN,NO,
Test,user,Male,testu@noreply.com,,CompanyName,Developer,Team,u160,password,EN,NO,
Test,user,Male,testu@noreply.com,,CompanyName,Developer,Team,u161,password,EN,NO,
Test,user,Male,testu@noreply.com,,CompanyName,Developer,Team,u162,password,EN,NO,
Test,user,Male,testu@noreply.com,,CompanyName,Developer,Team,u163,password,EN,NO,
Test,user,Male,testu@noreply.com,,CompanyName,Developer,Team,u164,password,EN,NO,
Test,user,Male,testu@noreply.com,,CompanyName,Developer,Team,u165,password,EN,NO,
Test,user,Male,testu@noreply.com,,CompanyName,Developer,Team,u166,password,EN,NO,
Test,user,Male,testu@noreply.com,,CompanyName,Developer,Team,u167,password,EN,NO,
Test,user,Male,testu@noreply.com,,CompanyName,Developer,Team,u168,password,EN,NO,
